"growth_scenario","ops_scenario","horizon","club_teams","avg_players","connect_adoption_pct","avg_tuition_yen","ainy_tuition_fee_pct","ainy_fee_display","club_mrr_per_team_yen","paying_parents_per_team","tuition_gmv_per_team_yen","club_mrr_total_yen","stripe_cost_club_yen","club_revenue_net_yen","tuition_gmv_total_yen","ainy_tuition_revenue_yen","connect_platform_cost_yen","team_total_fee_pct_display","gross_profit_monthly_yen","gross_profit_annual_yen","gross_profit_per_team_yen","ainy_rev_share_of_gross_pct"
"保守","低稼働","6ヶ月","8","12","0.4","4000","0","0.0%","8000","4.8","19200","64000","2304","61696","153600","0","1600","3.6%","60096","721152","7512","0"
"保守","低稼働","6ヶ月","8","12","0.4","4000","0.014","1.4%","8000","4.8","19200","64000","2304","61696","153600","2150","1600","5.0%","62246","746952","7781","3.5"
"保守","低稼働","6ヶ月","8","12","0.4","4000","0.025","2.5%","8000","4.8","19200","64000","2304","61696","153600","3840","1600","6.1%","63936","767232","7992","6"
"保守","低稼働","6ヶ月","8","12","0.4","4000","0.05","5.0%","8000","4.8","19200","64000","2304","61696","153600","7680","1600","8.6%","67776","813312","8472","11.3"
"保守","低稼働","6ヶ月","8","12","0.4","4000","0.07","7.0%","8000","4.8","19200","64000","2304","61696","153600","10752","1600","10.6%","70848","850176","8856","15.2"
"保守","低稼働","12ヶ月","25","12","0.4","4000","0","0.0%","8000","4.8","19200","200000","7200","192800","480000","0","5000","3.6%","187800","2253600","7512","0"
"保守","低稼働","12ヶ月","25","12","0.4","4000","0.014","1.4%","8000","4.8","19200","200000","7200","192800","480000","6720","5000","5.0%","194520","2334240","7781","3.5"
"保守","低稼働","12ヶ月","25","12","0.4","4000","0.025","2.5%","8000","4.8","19200","200000","7200","192800","480000","12000","5000","6.1%","199800","2397600","7992","6"
"保守","低稼働","12ヶ月","25","12","0.4","4000","0.05","5.0%","8000","4.8","19200","200000","7200","192800","480000","24000","5000","8.6%","211800","2541600","8472","11.3"
"保守","低稼働","12ヶ月","25","12","0.4","4000","0.07","7.0%","8000","4.8","19200","200000","7200","192800","480000","33600","5000","10.6%","221400","2656800","8856","15.2"
"保守","標準","6ヶ月","8","18","0.65","5000","0","0.0%","11000","11.7","58500","88000","3168","84832","468000","0","1600","3.6%","83232","998784","10404","0"
"保守","標準","6ヶ月","8","18","0.65","5000","0.014","1.4%","11000","11.7","58500","88000","3168","84832","468000","6552","1600","5.0%","89784","1077408","11223","7.3"
"保守","標準","6ヶ月","8","18","0.65","5000","0.025","2.5%","11000","11.7","58500","88000","3168","84832","468000","11700","1600","6.1%","94932","1139184","11866","12.3"
"保守","標準","6ヶ月","8","18","0.65","5000","0.05","5.0%","11000","11.7","58500","88000","3168","84832","468000","23400","1600","8.6%","106632","1279584","13329","21.9"
"保守","標準","6ヶ月","8","18","0.65","5000","0.07","7.0%","11000","11.7","58500","88000","3168","84832","468000","32760","1600","10.6%","115992","1391904","14499","28.2"
"保守","標準","12ヶ月","25","18","0.65","5000","0","0.0%","11000","11.7","58500","275000","9900","265100","1462500","0","5000","3.6%","260100","3121200","10404","0"
"保守","標準","12ヶ月","25","18","0.65","5000","0.014","1.4%","11000","11.7","58500","275000","9900","265100","1462500","20475","5000","5.0%","280575","3366900","11223","7.3"
"保守","標準","12ヶ月","25","18","0.65","5000","0.025","2.5%","11000","11.7","58500","275000","9900","265100","1462500","36562","5000","6.1%","296662","3559944","11866","12.3"
"保守","標準","12ヶ月","25","18","0.65","5000","0.05","5.0%","11000","11.7","58500","275000","9900","265100","1462500","73125","5000","8.6%","333225","3998700","13329","21.9"
"保守","標準","12ヶ月","25","18","0.65","5000","0.07","7.0%","11000","11.7","58500","275000","9900","265100","1462500","102375","5000","10.6%","362475","4349700","14499","28.2"
"保守","高稼働","6ヶ月","8","24","0.8","6000","0","0.0%","14000","19.2","115200","112000","4032","107968","921600","0","1600","3.6%","106368","1276416","13296","0"
"保守","高稼働","6ヶ月","8","24","0.8","6000","0.014","1.4%","14000","19.2","115200","112000","4032","107968","921600","12902","1600","5.0%","119270","1431240","14909","10.8"
"保守","高稼働","6ヶ月","8","24","0.8","6000","0.025","2.5%","14000","19.2","115200","112000","4032","107968","921600","23040","1600","6.1%","129408","1552896","16176","17.8"
"保守","高稼働","6ヶ月","8","24","0.8","6000","0.05","5.0%","14000","19.2","115200","112000","4032","107968","921600","46080","1600","8.6%","152448","1829376","19056","30.2"
"保守","高稼働","6ヶ月","8","24","0.8","6000","0.07","7.0%","14000","19.2","115200","112000","4032","107968","921600","64512","1600","10.6%","170880","2050560","21360","37.8"
"保守","高稼働","12ヶ月","25","24","0.8","6000","0","0.0%","14000","19.2","115200","350000","12600","337400","2880000","0","5000","3.6%","332400","3988800","13296","0"
"保守","高稼働","12ヶ月","25","24","0.8","6000","0.014","1.4%","14000","19.2","115200","350000","12600","337400","2880000","40320","5000","5.0%","372720","4472640","14909","10.8"
"保守","高稼働","12ヶ月","25","24","0.8","6000","0.025","2.5%","14000","19.2","115200","350000","12600","337400","2880000","72000","5000","6.1%","404400","4852800","16176","17.8"
"保守","高稼働","12ヶ月","25","24","0.8","6000","0.05","5.0%","14000","19.2","115200","350000","12600","337400","2880000","144000","5000","8.6%","476400","5716800","19056","30.2"
"保守","高稼働","12ヶ月","25","24","0.8","6000","0.07","7.0%","14000","19.2","115200","350000","12600","337400","2880000","201600","5000","10.6%","534000","6408000","21360","37.8"
"標準","低稼働","6ヶ月","20","12","0.4","4000","0","0.0%","8000","4.8","19200","160000","5760","154240","384000","0","4000","3.6%","150240","1802880","7512","0"
"標準","低稼働","6ヶ月","20","12","0.4","4000","0.014","1.4%","8000","4.8","19200","160000","5760","154240","384000","5376","4000","5.0%","155616","1867392","7781","3.5"
"標準","低稼働","6ヶ月","20","12","0.4","4000","0.025","2.5%","8000","4.8","19200","160000","5760","154240","384000","9600","4000","6.1%","159840","1918080","7992","6"
"標準","低稼働","6ヶ月","20","12","0.4","4000","0.05","5.0%","8000","4.8","19200","160000","5760","154240","384000","19200","4000","8.6%","169440","2033280","8472","11.3"
"標準","低稼働","6ヶ月","20","12","0.4","4000","0.07","7.0%","8000","4.8","19200","160000","5760","154240","384000","26880","4000","10.6%","177120","2125440","8856","15.2"
"標準","低稼働","12ヶ月","60","12","0.4","4000","0","0.0%","8000","4.8","19200","480000","17280","462720","1152000","0","12000","3.6%","450720","5408640","7512","0"
"標準","低稼働","12ヶ月","60","12","0.4","4000","0.014","1.4%","8000","4.8","19200","480000","17280","462720","1152000","16128","12000","5.0%","466848","5602176","7781","3.5"
"標準","低稼働","12ヶ月","60","12","0.4","4000","0.025","2.5%","8000","4.8","19200","480000","17280","462720","1152000","28800","12000","6.1%","479520","5754240","7992","6"
"標準","低稼働","12ヶ月","60","12","0.4","4000","0.05","5.0%","8000","4.8","19200","480000","17280","462720","1152000","57600","12000","8.6%","508320","6099840","8472","11.3"
"標準","低稼働","12ヶ月","60","12","0.4","4000","0.07","7.0%","8000","4.8","19200","480000","17280","462720","1152000","80640","12000","10.6%","531360","6376320","8856","15.2"
"標準","標準","6ヶ月","20","18","0.65","5000","0","0.0%","11000","11.7","58500","220000","7920","212080","1170000","0","4000","3.6%","208080","2496960","10404","0"
"標準","標準","6ヶ月","20","18","0.65","5000","0.014","1.4%","11000","11.7","58500","220000","7920","212080","1170000","16380","4000","5.0%","224460","2693520","11223","7.3"
"標準","標準","6ヶ月","20","18","0.65","5000","0.025","2.5%","11000","11.7","58500","220000","7920","212080","1170000","29250","4000","6.1%","237330","2847960","11866","12.3"
"標準","標準","6ヶ月","20","18","0.65","5000","0.05","5.0%","11000","11.7","58500","220000","7920","212080","1170000","58500","4000","8.6%","266580","3198960","13329","21.9"
"標準","標準","6ヶ月","20","18","0.65","5000","0.07","7.0%","11000","11.7","58500","220000","7920","212080","1170000","81900","4000","10.6%","289980","3479760","14499","28.2"
"標準","標準","12ヶ月","60","18","0.65","5000","0","0.0%","11000","11.7","58500","660000","23760","636240","3510000","0","12000","3.6%","624240","7490880","10404","0"
"標準","標準","12ヶ月","60","18","0.65","5000","0.014","1.4%","11000","11.7","58500","660000","23760","636240","3510000","49140","12000","5.0%","673380","8080560","11223","7.3"
"標準","標準","12ヶ月","60","18","0.65","5000","0.025","2.5%","11000","11.7","58500","660000","23760","636240","3510000","87750","12000","6.1%","711990","8543880","11866","12.3"
"標準","標準","12ヶ月","60","18","0.65","5000","0.05","5.0%","11000","11.7","58500","660000","23760","636240","3510000","175500","12000","8.6%","799740","9596880","13329","21.9"
"標準","標準","12ヶ月","60","18","0.65","5000","0.07","7.0%","11000","11.7","58500","660000","23760","636240","3510000","245700","12000","10.6%","869940","10439280","14499","28.2"
"標準","高稼働","6ヶ月","20","24","0.8","6000","0","0.0%","14000","19.2","115200","280000","10080","269920","2304000","0","4000","3.6%","265920","3191040","13296","0"
"標準","高稼働","6ヶ月","20","24","0.8","6000","0.014","1.4%","14000","19.2","115200","280000","10080","269920","2304000","32256","4000","5.0%","298176","3578112","14909","10.8"
"標準","高稼働","6ヶ月","20","24","0.8","6000","0.025","2.5%","14000","19.2","115200","280000","10080","269920","2304000","57600","4000","6.1%","323520","3882240","16176","17.8"
"標準","高稼働","6ヶ月","20","24","0.8","6000","0.05","5.0%","14000","19.2","115200","280000","10080","269920","2304000","115200","4000","8.6%","381120","4573440","19056","30.2"
"標準","高稼働","6ヶ月","20","24","0.8","6000","0.07","7.0%","14000","19.2","115200","280000","10080","269920","2304000","161280","4000","10.6%","427200","5126400","21360","37.8"
"標準","高稼働","12ヶ月","60","24","0.8","6000","0","0.0%","14000","19.2","115200","840000","30240","809760","6912000","0","12000","3.6%","797760","9573120","13296","0"
"標準","高稼働","12ヶ月","60","24","0.8","6000","0.014","1.4%","14000","19.2","115200","840000","30240","809760","6912000","96768","12000","5.0%","894528","10734336","14909","10.8"
"標準","高稼働","12ヶ月","60","24","0.8","6000","0.025","2.5%","14000","19.2","115200","840000","30240","809760","6912000","172800","12000","6.1%","970560","11646720","16176","17.8"
"標準","高稼働","12ヶ月","60","24","0.8","6000","0.05","5.0%","14000","19.2","115200","840000","30240","809760","6912000","345600","12000","8.6%","1143360","13720320","19056","30.2"
"標準","高稼働","12ヶ月","60","24","0.8","6000","0.07","7.0%","14000","19.2","115200","840000","30240","809760","6912000","483840","12000","10.6%","1281600","15379200","21360","37.8"
"積極","低稼働","6ヶ月","40","12","0.4","4000","0","0.0%","8000","4.8","19200","320000","11520","308480","768000","0","8000","3.6%","300480","3605760","7512","0"
"積極","低稼働","6ヶ月","40","12","0.4","4000","0.014","1.4%","8000","4.8","19200","320000","11520","308480","768000","10752","8000","5.0%","311232","3734784","7781","3.5"
"積極","低稼働","6ヶ月","40","12","0.4","4000","0.025","2.5%","8000","4.8","19200","320000","11520","308480","768000","19200","8000","6.1%","319680","3836160","7992","6"
"積極","低稼働","6ヶ月","40","12","0.4","4000","0.05","5.0%","8000","4.8","19200","320000","11520","308480","768000","38400","8000","8.6%","338880","4066560","8472","11.3"
"積極","低稼働","6ヶ月","40","12","0.4","4000","0.07","7.0%","8000","4.8","19200","320000","11520","308480","768000","53760","8000","10.6%","354240","4250880","8856","15.2"
"積極","低稼働","12ヶ月","120","12","0.4","4000","0","0.0%","8000","4.8","19200","960000","34560","925440","2304000","0","24000","3.6%","901440","10817280","7512","0"
"積極","低稼働","12ヶ月","120","12","0.4","4000","0.014","1.4%","8000","4.8","19200","960000","34560","925440","2304000","32256","24000","5.0%","933696","11204352","7781","3.5"
"積極","低稼働","12ヶ月","120","12","0.4","4000","0.025","2.5%","8000","4.8","19200","960000","34560","925440","2304000","57600","24000","6.1%","959040","11508480","7992","6"
"積極","低稼働","12ヶ月","120","12","0.4","4000","0.05","5.0%","8000","4.8","19200","960000","34560","925440","2304000","115200","24000","8.6%","1016640","12199680","8472","11.3"
"積極","低稼働","12ヶ月","120","12","0.4","4000","0.07","7.0%","8000","4.8","19200","960000","34560","925440","2304000","161280","24000","10.6%","1062720","12752640","8856","15.2"
"積極","標準","6ヶ月","40","18","0.65","5000","0","0.0%","11000","11.7","58500","440000","15840","424160","2340000","0","8000","3.6%","416160","4993920","10404","0"
"積極","標準","6ヶ月","40","18","0.65","5000","0.014","1.4%","11000","11.7","58500","440000","15840","424160","2340000","32760","8000","5.0%","448920","5387040","11223","7.3"
"積極","標準","6ヶ月","40","18","0.65","5000","0.025","2.5%","11000","11.7","58500","440000","15840","424160","2340000","58500","8000","6.1%","474660","5695920","11866","12.3"
"積極","標準","6ヶ月","40","18","0.65","5000","0.05","5.0%","11000","11.7","58500","440000","15840","424160","2340000","117000","8000","8.6%","533160","6397920","13329","21.9"
"積極","標準","6ヶ月","40","18","0.65","5000","0.07","7.0%","11000","11.7","58500","440000","15840","424160","2340000","163800","8000","10.6%","579960","6959520","14499","28.2"
"積極","標準","12ヶ月","120","18","0.65","5000","0","0.0%","11000","11.7","58500","1320000","47520","1272480","7020000","0","24000","3.6%","1248480","14981760","10404","0"
"積極","標準","12ヶ月","120","18","0.65","5000","0.014","1.4%","11000","11.7","58500","1320000","47520","1272480","7020000","98280","24000","5.0%","1346760","16161120","11223","7.3"
"積極","標準","12ヶ月","120","18","0.65","5000","0.025","2.5%","11000","11.7","58500","1320000","47520","1272480","7020000","175500","24000","6.1%","1423980","17087760","11866","12.3"
"積極","標準","12ヶ月","120","18","0.65","5000","0.05","5.0%","11000","11.7","58500","1320000","47520","1272480","7020000","351000","24000","8.6%","1599480","19193760","13329","21.9"
"積極","標準","12ヶ月","120","18","0.65","5000","0.07","7.0%","11000","11.7","58500","1320000","47520","1272480","7020000","491400","24000","10.6%","1739880","20878560","14499","28.2"
"積極","高稼働","6ヶ月","40","24","0.8","6000","0","0.0%","14000","19.2","115200","560000","20160","539840","4608000","0","8000","3.6%","531840","6382080","13296","0"
"積極","高稼働","6ヶ月","40","24","0.8","6000","0.014","1.4%","14000","19.2","115200","560000","20160","539840","4608000","64512","8000","5.0%","596352","7156224","14909","10.8"
"積極","高稼働","6ヶ月","40","24","0.8","6000","0.025","2.5%","14000","19.2","115200","560000","20160","539840","4608000","115200","8000","6.1%","647040","7764480","16176","17.8"
"積極","高稼働","6ヶ月","40","24","0.8","6000","0.05","5.0%","14000","19.2","115200","560000","20160","539840","4608000","230400","8000","8.6%","762240","9146880","19056","30.2"
"積極","高稼働","6ヶ月","40","24","0.8","6000","0.07","7.0%","14000","19.2","115200","560000","20160","539840","4608000","322560","8000","10.6%","854400","10252800","21360","37.8"
"積極","高稼働","12ヶ月","120","24","0.8","6000","0","0.0%","14000","19.2","115200","1680000","60480","1619520","13824000","0","24000","3.6%","1595520","19146240","13296","0"
"積極","高稼働","12ヶ月","120","24","0.8","6000","0.014","1.4%","14000","19.2","115200","1680000","60480","1619520","13824000","193536","24000","5.0%","1789056","21468672","14909","10.8"
"積極","高稼働","12ヶ月","120","24","0.8","6000","0.025","2.5%","14000","19.2","115200","1680000","60480","1619520","13824000","345600","24000","6.1%","1941120","23293440","16176","17.8"
"積極","高稼働","12ヶ月","120","24","0.8","6000","0.05","5.0%","14000","19.2","115200","1680000","60480","1619520","13824000","691200","24000","8.6%","2286720","27440640","19056","30.2"
"積極","高稼働","12ヶ月","120","24","0.8","6000","0.07","7.0%","14000","19.2","115200","1680000","60480","1619520","13824000","967680","24000","10.6%","2563200","30758400","21360","37.8"
